pubmedid,NEG,AE,Dose
10030778,3,1,0
10048291,7,2,0
10082597,8,1,0
10084639,1,0,0
10099659,10,1,0
10102531,6,2,0
10190739,4,2,0
10203437,2,1,0
10225085,1,3,0
10229976,6,1,0
10327035,2,1,1
10332990,3,1,0
10337682,10,1,0
10348150,1,3,0
10357715,2,3,0
10367184,1,3,0
10393393,6,1,0
10395123,5,2,0
10405480,4,3,0
10410183,5,1,0
10414481,5,2,0
10426918,3,0,0
10431414,1,3,0
10435399,2,1,0
10439378,2,1,0
10442258,3,3,0
10452772,4,4,1
10458196,4,3,1
10461415,3,2,0
10465148,3,2,0
10466445,6,1,0
10467499,5,2,0
10473079,5,2,0
10475726,3,4,0
10482872,6,3,0
10487084,5,3,0
10492493,3,2,0
10494874,5,1,0
10510017,2,4,0
10513720,1,2,0
10516999,1,2,0
10524732,2,2,0
10530201,8,1,0
10555917,1,4,0
10560960,6,1,0
10566542,1,2,0
10575189,3,2,0
10579985,3,4,0
10586009,3,2,0
10589077,5,6,0
10592946,3,6,0
10599932,4,1,0
10607332,3,1,0
10610018,3,3,0
10614572,6,3,0
10619721,7,1,0
10633877,6,4,0
10646879,8,3,0
10650865,10,2,0
10656221,6,5,0
10667036,9,3,1
10679548,0,7,0
10682234,7,2,0
1068531,6,2,0
10688731,3,3,0
10698143,1,4,2
10707759,1,3,0
10717401,7,2,0
10723699,1,1,0
10728450,7,0,0
10732843,4,1,1
10745478,1,1,0
10749332,4,5,0
10752888,2,2,0
10755579,8,3,0
10759907,5,3,0
10772434,5,1,0
10774758,6,2,0
10779995,5,2,0
10803790,9,5,0
10808214,1,1,0
10812579,3,3,0
1082426,2,1,0
10840527,9,1,0
10870485,8,1,0
1087773,1,2,0
10879669,7,1,1
10885900,2,3,0
10891991,3,2,0
10897389,6,2,0
10904571,4,3,1
10907391,4,4,0
10923593,4,1,0
10928688,4,1,0
10963515,3,2,0
10970989,6,2,0
10981493,3,4,0
10987357,5,2,0
11001600,3,1,0
11008259,3,3,0
110153,2,2,0
11020127,11,4,0
11022272,7,3,1
11026106,10,3,0
11030530,3,3,0
11033734,2,4,0
11034877,7,2,0
11059196,2,2,0
11077455,6,3,0
11093071,7,3,0
11096051,5,2,0
11099623,6,1,0
11105373,2,2,0
11109149,2,3,0
11111942,2,2,0
11122162,5,3,0
11126885,6,3,0
11131346,3,2,0
11142491,5,2,0
11147747,5,3,0
11155197,3,3,0
11171531,6,4,0
11174414,1,4,0
11180704,7,1,0
11191005,9,1,0
11200291,5,1,0
11202801,3,3,0
11207969,1,4,3
11212595,4,2,0
11215836,5,3,1
11225532,11,2,0
11236070,9,3,0
11243427,10,2,0
1124417,1,3,0
11247558,3,4,1
11250985,1,4,0
11292139,4,1,0
11295724,1,3,0
11302479,9,1,0
11315123,3,1,0
11319599,5,2,0
11328247,0,2,0
11332679,3,2,0
11335880,8,2,0
11341670,6,2,1
11346113,6,1,0
11352235,5,1,0
11359026,3,3,0
11373877,1,2,0
11388112,3,2,0
11399735,3,4,0
11406880,3,2,0
11414270,7,2,0
11424102,3,2,0
11428480,1,3,1
11431864,7,1,1
11435808,8,2,2
11443640,9,2,0
11450788,4,1,0
11452688,4,1,0
11468878,2,1,0
11476690,5,1,0
11483161,2,3,0
11485141,3,4,0
11487721,0,3,1
11489400,3,2,0
11506739,7,0,0
115078,0,1,1
11510798,2,3,0
11514944,12,0,0
11518127,4,2,0
11545487,2,7,0
11550988,5,1,0
11554897,1,2,0
11563738,7,2,0
11568758,6,3,0
11573852,3,5,0
11576059,7,2,0
11590881,2,2,1
11642488,2,2,0
11672959,2,3,0
11688826,3,3,0
11696132,5,2,0
11700998,7,2,0
11703329,2,4,1
11706664,2,2,0
11712064,2,2,0
11719751,8,1,1
11722307,2,1,0
11724089,5,4,0
11737689,2,5,0
1174301,2,2,0
11749112,3,1,0
11757641,4,3,0
11762672,5,2,0
11788010,2,6,0
11795358,7,2,0
11804071,6,3,0
11807466,2,2,0
11816261,7,4,0
11819156,3,1,0
11834188,5,3,0
11837564,5,3,0
11850606,3,0,0
11868077,2,2,0
11876387,9,3,0
11881322,4,6,0
11886466,2,3,0
11903249,10,3,0
11918514,4,1,0
11943900,5,1,0
11961411,2,3,0
11972105,4,1,0
11978156,3,3,1
11984077,8,3,0
11999915,4,4,0
12013364,4,2,0
12022905,1,2,0
12042592,8,2,0
12053072,10,2,1
12066972,8,2,0
12078977,6,2,0
12086549,7,3,0
12092878,0,2,0
12095907,1,2,0
12100953,6,1,0
12107858,6,1,0
12111771,5,5,0
12114387,4,3,0
12121061,3,3,0
12126225,7,3,1
12135176,2,3,0
12141409,3,1,0
12150593,1,3,1
12153007,5,2,0
12163813,3,1,0
12166705,3,2,0
12181031,1,3,0
12187348,4,4,0
12196666,2,3,0
12218252,3,2,0
12221670,6,5,1
12234159,0,2,0
122410,9,1,0
12324937,11,2,1
12365708,10,3,0
1238016,3,1,0
12390172,7,2,0
12397859,5,1,0
12399645,5,4,0
12405893,3,1,0
12424571,6,1,0
12432978,4,2,0
12439602,1,3,0
1244265,3,1,0
12452753,9,4,0
12455453,7,2,0
12460237,1,4,0
12477460,1,2,0
12488741,2,3,0
12494253,3,3,0
12503933,6,4,0
12504711,1,1,0
12507063,5,2,0
12523465,8,2,0
12540009,2,2,0
12546343,9,5,1
12552054,5,1,0
12561997,2,1,0
12567347,8,1,0
12581772,1,3,0
12587815,3,3,0
12590235,1,3,0
12598508,7,1,0
12605322,6,1,0
1261772,4,3,0
12621956,4,2,0
12625995,2,3,0
12630660,2,2,0
12635752,3,2,0
12639299,9,2,0
12656748,3,3,0
12659609,5,2,0
12661801,4,3,0
12665232,3,1,0
1267457,0,3,0
12680486,4,3,0
12692521,3,2,0
12699871,5,4,0
12702914,1,4,1
12707728,1,2,0
12729371,10,2,0
12751276,1,2,0
1275625,4,1,0
12757344,4,2,0
12763355,4,4,0
12773807,7,1,0
12786839,5,3,0
12792223,5,4,0
12796597,2,4,0
12802933,2,3,0
12806509,4,2,0
12811715,2,4,0
12823045,4,1,0
12836099,5,2,0
12847760,4,1,0
12852380,5,1,0
12854039,1,2,0
12860350,1,2,0
12862258,0,3,0
12869178,4,2,0
12875956,3,3,0
12880504,2,2,0
1288290,8,1,0
12885108,12,1,0
12889716,2,3,0
12908837,4,2,1
12915840,2,2,0
12921505,10,3,0
12923827,2,4,0
12927328,5,1,0
12932249,4,3,0
12944250,6,3,0
129501,5,2,0
12951892,3,1,0
1295628,0,3,0
12962465,4,3,0
1310879,5,3,0
1316047,3,1,0
1348483,1,3,0
1356045,6,3,1
1359782,2,3,0
13680140,4,1,0
1378497,1,3,0
1389744,2,2,0
1393348,0,4,0
1401493,3,1,0
1414247,3,2,0
1420650,2,3,1
1422497,3,3,0
1433432,1,2,0
1440123,4,1,0
1445134,1,5,0
1450506,4,3,0
14514135,4,2,0
14522628,2,2,0
14526130,2,1,0
14530108,4,6,0
14557583,2,3,1
14561622,2,3,0
14566215,7,1,0
14585456,6,1,1
14601701,1,4,0
14607011,6,1,0
14614357,3,2,0
14632592,8,2,0
14641354,11,2,0
14660304,3,2,1
1467295,6,1,0
14674674,7,4,0
14677199,1,2,0
14684937,4,4,1
14690166,2,2,0
1469187,9,1,0
14693027,13,2,0
14697943,9,3,0
14700673,5,1,0
14711147,2,2,0
14723711,11,5,0
14735388,3,2,0
14740795,2,4,0
14742791,9,4,0
14746605,6,3,0
14760958,8,1,0
1477441,3,1,0
1495728,2,2,0
14960440,2,1,0
14964753,6,3,0
14968106,1,1,0
14971874,3,2,0
14996269,4,2,0
15013892,1,2,0
15028328,4,4,0
1504404,3,2,0
15053046,1,3,0
15061230,5,3,0
15072497,1,2,1
150825,2,2,0
1509179,4,3,0
15093850,5,2,1
15097937,4,3,0
15107195,1,2,0
15112258,11,4,0
15126179,2,1,0
15157248,4,1,0
15162903,4,5,0
1517501,5,1,0
15176542,4,1,0
15183980,6,2,0
15190230,2,3,0
15197722,0,2,0
15203443,8,2,0
15224368,3,3,0
15235919,4,3,0
15239684,6,2,0
15261876,5,1,0
15266150,4,3,0
15286697,4,5,1
15289139,1,2,0
15300114,3,2,0
15304176,13,1,0
15307435,1,2,0
15311565,6,1,0
15316423,2,3,0
15331204,0,3,0
15338554,7,4,0
15359206,2,2,1
15362597,4,2,0
1536494,3,2,0
15368548,2,5,0
15379082,2,3,0
15388215,12,1,1
15454180,2,3,0
15461766,3,2,0
15463865,1,4,0
15468380,0,2,0
15479299,1,2,0
15482394,4,5,0
15489872,10,1,0
15494638,10,6,3
15504988,5,2,0
15507779,2,2,0
15516308,12,3,2
15522120,12,2,0
15529178,2,2,0
15533031,3,2,1
15543388,2,0,0
15549981,4,1,0
15554737,7,2,0
1557089,2,1,0
15571949,6,2,0
15580406,1,0,0
15588385,4,4,0
15595320,3,3,0
15611427,3,3,0
15623719,4,1,0
15628319,5,4,0
15644988,2,3,0
15661067,7,2,1
15663666,2,3,0
15671134,5,4,0
15681911,4,0,0
15685264,3,2,0
1569260,4,2,0
15694139,2,5,0
15701285,2,3,0
15719254,7,4,0
15727358,6,1,0
15729090,2,3,1
15735923,6,2,0
1575118,5,1,0
15752306,3,3,0
15760792,5,2,0
15770343,10,3,0
15773973,5,3,0
15779196,8,2,0
1577957,6,1,0
15785053,4,3,0
15790469,5,1,0
15795553,2,4,0
15806568,2,3,0
1580986,3,2,0
15811174,6,3,1
15823103,2,4,3
15827670,2,0,0
15836666,6,2,0
15840734,8,1,0
1584367,6,3,0
15852680,3,2,0
15857283,3,1,0
15863610,3,2,0
15866658,7,4,0
15878975,5,5,0
15895899,8,3,0
15907341,6,2,0
15920338,5,3,0
15927910,6,4,0
1592841,4,1,0
15941649,1,4,0
15944830,3,4,0
15961942,2,1,0
15965422,4,4,0
15977922,3,3,0
16001348,6,3,0
16008658,2,0,0
16012330,7,4,0
16018164,6,4,0
16025424,2,2,0
1602800,6,1,0
16029707,3,2,0
16035204,4,1,1
16044093,3,2,1
160443,3,3,0
16046172,6,3,0
16062101,2,4,0
16087771,9,1,0
16092915,5,1,0
16097572,7,1,1
16109609,5,4,0
16116136,1,4,0
16119501,1,4,0
16132305,2,3,0
16146480,2,1,0
16156485,6,1,0
16160485,7,2,0
16167682,6,2,0
16181292,3,2,0
16192734,10,3,0
16196187,2,3,1
16200540,3,4,0
16204273,4,2,0
16207263,0,2,0
1621023,7,3,0
16211208,3,3,0
16216617,2,2,1
16221163,6,3,0
16225183,3,3,0
16237130,2,2,0
16239768,5,3,1
1624172,3,2,0
16244351,1,2,0
16249064,4,1,0
16265343,5,1,0
16268429,7,3,0
16284443,7,4,0
1628669,2,1,0
16288069,7,3,0
16298824,1,6,0
16313549,3,2,0
16317298,19,6,0
16326413,2,3,2
16341621,2,3,0
16352777,7,2,0
16355099,5,4,0
1635565,6,1,0
16357738,7,3,0
16368918,7,1,0
16371793,7,1,0
16393774,4,6,0
16396068,4,3,0
16404563,5,1,0
16405935,2,3,0
16411025,5,2,0
16416684,19,1,0
16421117,7,1,0
1642627,1,2,0
16432996,10,4,0
16436462,7,1,0
16441824,11,1,0
16446228,4,3,0
16449538,4,3,0
16453964,9,0,0
16459502,1,2,0
16463436,9,1,0
16472339,9,1,0
16480245,4,0,0
16484748,2,3,0
16490518,0,2,0
16498048,6,3,0
16503727,4,3,0
16507211,4,1,0
16511396,1,3,0
16515630,3,4,0
16521231,2,0,0
16527771,3,3,0
16531969,0,4,0
16540070,7,3,1
1655228,2,3,1
16599252,4,2,0
16603845,15,1,0
16609346,2,3,0
1661260,3,1,0
16615675,4,3,0
16620273,3,1,0
16623611,8,2,0
16629074,4,1,0
16632429,3,1,0
16637972,0,4,0
16641839,4,5,0
16678268,3,2,0
16682062,3,3,0
16685112,3,1,0
16688722,6,2,0
16697705,2,2,0
16708747,4,1,0
16728538,1,4,0
1673494,6,1,0
16757971,2,1,0
16765687,3,1,0
16767537,1,3,0
16791713,4,4,2
1680596,0,2,0
16816519,9,3,0
16843118,1,2,0
16854757,3,1,0
16863495,10,1,0
16882109,4,2,0
16884425,3,2,0
1688693,4,1,1
16889287,2,3,0
16901609,5,2,0
16914372,3,1,0
16923659,4,0,0
16935446,9,1,0
16939867,1,3,0
16945058,5,2,0
1694575,3,1,0
16948177,3,4,0
16960880,2,4,0
16968538,3,3,0
16978752,7,4,0
16986159,5,1,0
16997047,7,3,0
17009081,6,4,0
17016002,5,3,0
17026827,3,2,0
17034541,5,3,0
1703754,2,1,0
17039658,7,3,0
17044380,3,2,0
17060191,1,4,0
17068466,3,1,0
17083900,4,2,0
17090724,5,1,0
17109650,3,2,0
1711090,5,1,0
17123120,8,2,0
17133571,2,2,0
17163271,4,3,0
17167851,7,2,0
17176478,2,1,0
17182354,10,4,0
17188061,3,1,0
17195428,2,2,0
17199845,6,1,0
17205927,7,1,0
172214,7,3,0
17224428,8,2,0
17228132,2,2,0
1722991,6,3,0
17241588,8,0,0
17260498,2,3,0
17266059,2,3,0
17275666,4,2,0
17277758,3,1,0
17285101,1,3,0
17298107,5,1,0
17301517,3,2,0
17310853,5,2,0
17316891,4,1,0
17319250,5,2,0
17324248,7,1,0
17331261,5,1,0
17346586,6,1,0
17352036,6,4,0
17364199,9,2,0
17366681,13,1,0
17373180,3,2,0
17381671,2,2,0
17387702,3,2,0
17404582,1,3,0
17406804,0,2,0
17426073,4,2,0
1743388,4,2,0
17438184,6,0,0
17444802,10,1,0
17448102,7,2,2
17458405,2,2,0
17473493,6,2,0
1747495,1,2,0
17494808,5,4,0
17505739,7,1,0
17509184,2,2,0
1751354,2,3,0
17519584,4,1,0
17522786,3,1,0
17526968,1,3,0
17536204,3,5,0
17547624,1,2,0
17551408,6,1,0
17556909,4,3,0
1756352,3,2,0
17596682,1,2,0
1759924,3,2,0
17610180,6,2,0
17619811,0,5,0
17624096,6,1,0
17627694,7,0,0
1765991,1,3,0
17660778,3,1,0
17665812,6,3,0
17667216,3,2,0
17671884,7,4,0
17675030,2,4,0
17697264,3,2,0
17705565,5,1,0
17710018,1,3,0
1772299,1,2,0
17725438,0,3,0
1775411,1,2,0
17763133,5,3,0
17823522,2,3,0
17827517,3,1,0
17852449,5,1,0
17873198,2,5,0
17876386,5,2,0
17880357,3,0,0
17921794,5,4,0
1792646,3,2,0
17931455,2,0,0
17937473,12,3,0
17952482,4,3,0
17955169,6,2,0
17959575,9,1,0
17965530,11,2,0
17968817,2,2,0
17983451,6,1,0
18006091,2,2,0
18020545,6,2,0
180258,2,2,1
18034202,7,1,1
18037876,1,2,0
18042092,5,3,0
18067642,6,4,0
18071101,4,2,0
18076602,4,3,0
18079582,2,3,0
18094347,4,5,0
1814986,6,1,0
18160579,4,2,1
18176653,9,1,0
18191947,1,3,0
18203308,5,4,0
18252776,3,1,0
18258513,5,1,0
1827039,2,2,0
18277922,4,1,0
18294121,11,5,0
1829999,1,2,0
18306483,4,1,0
18315788,4,1,0
18343993,5,3,0
1834424,3,2,0
18344734,3,2,0
18347524,6,2,0
18354950,2,3,1
18359591,5,1,0
18362995,2,4,0
18364401,6,3,0
18371508,3,2,0
18379937,2,1,0
18408649,6,2,0
18421192,1,1,0
18425523,4,2,0
18431096,6,2,0
18446030,1,2,0
18459568,4,1,0
18465737,5,2,0
18472517,2,2,0
18476934,6,1,0
18487000,3,3,0
18492617,4,3,0
1849334,3,2,1
18504683,4,3,0
18515982,2,5,0
18523232,10,2,0
18533420,5,1,0
18556970,1,1,0
18562412,3,7,1
18569796,4,2,0
18580694,5,2,0
18585545,2,3,0
18607107,3,2,1
1860779,3,1,0
18609153,4,2,0
18622319,4,2,0
18628507,3,5,0
18633310,2,3,2
18644535,0,2,0
18648015,13,2,0
18661248,6,2,0
18665833,4,3,0
18672645,5,1,0
18675768,6,1,0
18682542,12,0,0
1868481,3,2,0
18691992,5,4,0
18698687,4,3,0
18707772,1,0,0
18715650,2,2,0
18717612,5,3,0
18721173,5,1,0
18751717,5,1,0
18755414,1,5,2
18765315,8,5,0
18775393,11,1,0
18784429,2,2,1
18795,5,3,0
1879988,3,2,0
18801826,5,1,0
18805724,10,1,0
18810448,3,2,0
18821094,3,2,0
18836269,6,1,0
18837734,2,2,0
18855892,4,4,0
1888256,5,3,0
189279,0,3,0
1893404,1,2,0
18950384,3,1,0
18957000,13,3,0
18977778,4,1,0
18983414,9,2,0
18991509,1,2,0
19003750,4,2,0
19017039,2,2,0
19018868,5,3,0
19034138,0,4,0
19039026,2,1,0
19047493,3,2,0
19058340,3,2,0
19097599,4,2,0
19104709,1,2,0
19112808,2,2,0
19116715,3,2,0
19122478,4,3,0
19131789,0,3,2
19145124,2,3,0
19183077,4,3,0
1918672,2,1,0
19203515,2,3,0
19212144,3,2,0
19217693,2,3,0
19224802,3,1,1
19235747,4,2,0
19260037,8,5,0
19266307,3,1,0
19281746,4,2,0
19296063,5,3,0
19299370,11,1,0
19307676,3,3,0
19318596,8,3,0
19331262,2,2,0
19336028,5,1,0
19354059,7,1,0
19357764,1,0,0
19363904,6,2,0
19365885,7,3,0
19390192,6,3,0
19402273,6,2,0
19423476,3,1,0
19434733,3,3,0
19448237,8,1,0
19474653,3,2,0
19499966,4,5,0
19512997,5,3,0
1951476,1,2,0
19520277,2,2,0
19537383,2,2,0
19540093,3,5,0
1954704,3,2,0
19555801,4,2,0
19567656,18,2,0
19570088,3,1,0
19579947,4,2,0
19648225,1,1,0
19653965,5,2,0
19660974,5,1,0
19667003,8,3,0
1966850,2,2,0
19669617,9,3,0
19687711,4,2,0
19690222,10,2,0
19707032,4,4,1
19717383,10,1,0
19725909,9,1,0
19733945,6,3,0
19745701,8,4,0
19764104,5,2,0
19775485,3,2,0
19789166,7,2,0
19798640,3,2,0
19815480,6,1,0
19826099,10,2,0
19838099,1,1,0
19844714,6,0,0
19875411,3,2,1
19884751,5,3,0
1988604,7,2,0
19892516,3,4,0
19897274,1,4,0
19904536,11,3,0
19915794,1,4,0
1993143,6,1,0
19935411,5,2,2
19949685,5,4,0
19995222,7,2,0
20009973,4,2,0
20020238,5,1,0
20038831,7,2,0
20065266,7,2,0
2006943,1,3,0
20098333,3,2,0
20110001,9,2,0
2011096,4,1,1
20118434,0,2,0
20120657,6,2,0
20126479,3,1,0
2012922,1,2,0
20130478,4,2,0
20154441,7,1,0
2016556,6,1,0
20171144,7,1,1
20178709,1,3,0
20185472,1,2,0
20190474,2,4,0
20199429,1,1,0
20203465,6,3,0
2022118,3,1,0
20234160,0,3,0
2028358,3,2,0
20298401,4,3,0
20338114,8,2,0
20349794,2,2,0
20367573,2,3,0
20378385,1,1,0
2038845,2,1,0
20397038,14,1,0
20412003,9,6,0
2042691,9,2,0
20465622,1,1,0
2048579,5,2,0
2051906,3,3,0
2063999,3,2,0
2076372,5,2,0
2104570,2,0,0
2113320,1,2,0
2116935,2,3,0
2140997,2,3,0
2144305,3,1,0
2147700,3,1,0
2154663,4,3,0
2161782,3,2,0
2196696,2,3,0
2204409,3,2,1
2212262,1,2,0
2219619,3,2,0
2224786,4,1,0
2229534,3,1,0
2234880,4,2,0
2241449,5,3,0
2250853,4,2,0
2257522,7,1,0
2276822,7,1,0
228648,3,1,0
2292051,3,2,0
2295443,1,3,0
2297635,6,1,0
2299784,2,3,0
2302898,8,1,0
2305654,5,2,0
2309833,1,3,0
2316232,6,2,1
2320800,4,4,2
2327115,2,4,0
2329972,1,2,0
2332596,6,3,0
2347102,3,1,0
2357706,1,4,0
2369419,2,4,0
2378415,1,3,0
2394154,3,4,0
2406680,1,4,0
2413037,4,1,0
2417800,6,4,0
2429270,2,5,0
2442958,2,3,0
2445709,2,2,0
2452936,7,2,0
2461837,1,2,0
2483959,2,3,0
2505541,4,1,0
2523364,3,2,0
2532694,3,2,0
2549018,0,6,0
2554727,1,4,3
2568058,2,3,0
2586773,2,2,0
2595431,3,4,0
2611886,5,1,0
2616440,1,2,2
2621382,0,3,1
2643458,6,1,0
2663536,2,2,0
2669373,9,1,0
267281,3,1,0
2690546,2,3,0
2717661,3,1,0
2719905,1,0,0
2728526,5,3,0
2738729,3,2,0
2743258,7,1,0
2746565,1,3,0
2768785,4,2,0
2781955,4,2,0
278642,8,2,0
2796025,5,2,0
2803154,2,3,0
2811895,5,2,0
2816647,4,1,0
282937,2,3,1
2830062,8,1,0
2857534,0,3,0
2862137,2,2,0
2863342,3,2,0
2875665,0,3,0
2887555,5,1,0
2894766,1,4,0
2924444,5,3,0
2931445,3,2,0
2935070,3,4,0
2937155,1,3,0
2940999,10,2,1
2943526,4,1,0
2956288,1,4,0
2979256,2,3,0
3003260,2,3,0
3030084,9,1,0
3059159,7,1,1
3067748,3,2,0
3084231,1,3,0
3101617,2,2,0
3115809,1,3,0
3124393,3,2,0
3128415,9,1,0
3136101,0,3,0
3143551,0,4,0
3149484,2,2,0
3152997,5,1,0
3156465,2,3,0
3159106,3,3,0
3166573,5,1,0
3171334,2,5,3
3174043,3,4,0
3195622,1,3,0
3200786,3,2,0
3211830,1,2,0
3242521,1,2,0
3259776,2,2,0
3277077,3,1,1
3290702,0,2,0
3301251,8,4,0
3310776,2,3,0
3318771,6,1,0
331881,7,1,0
3335488,2,2,0
3343188,4,3,0
3346128,1,2,0
3359700,3,3,1
3365032,7,2,1
3370103,12,1,0
3379435,3,3,0
3391110,4,1,0
3397227,1,2,0
3400849,3,1,0
3405528,2,2,0
3410226,8,2,0
3417739,4,2,0
3430507,2,2,0
3438585,2,4,0
3449312,4,2,0
3465489,8,1,0
3470173,7,5,0
3485422,2,2,0
3493797,1,1,0
3501467,1,2,0
3508194,2,1,0
3513544,5,3,0
3528096,5,4,0
3542612,5,2,0
354311,2,2,0
3549808,6,1,0
3558331,1,2,0
3565435,3,2,0
3569037,1,4,0
3579660,2,4,0
3586163,0,3,0
3604756,0,2,0
3609047,3,3,1
3612639,3,2,0
3620420,7,1,0
3628148,1,2,0
3652934,2,2,1
3659584,3,2,0
3663292,4,1,0
3677571,8,6,2
3680913,2,3,0
3688031,0,1,0
3693034,4,0,0
369675,8,1,0
3708949,4,4,1
3718111,4,3,0
3720318,2,2,0
3725284,2,2,0
3732375,0,2,0
3744305,2,1,0
3753891,0,3,0
3763264,2,3,0
3767790,2,2,0
3773837,2,1,0
3790438,2,2,0
3797173,7,1,0
3804181,1,3,1
3806824,2,2,0
3815268,1,2,0
3824704,3,1,0
3868420,4,1,0
3873709,3,2,0
3878320,5,2,0
3892171,4,2,0
3899068,5,1,0
3917429,3,1,0
3926849,1,2,0
3941210,5,2,0
3947272,1,4,0
3954165,4,2,0
3964363,2,2,2
3967536,2,1,0
3970339,5,2,0
3977377,6,1,0
3982906,5,3,0
3997294,3,2,0
4004433,1,4,1
4014301,2,4,0
4018433,3,2,0
4025011,2,2,0
4031907,3,4,0
4036917,5,3,0
4038927,10,1,0
4044222,2,2,0
4051280,3,2,0
4054170,5,3,0
4063627,2,3,0
4066620,0,4,1
4075534,6,3,0
4082283,3,4,0
4095247,5,4,1
412488,4,3,0
417679,5,1,1
424824,2,6,1
426502,0,2,0
433855,6,1,0
440873,4,4,0
448845,1,3,0
458006,1,2,0
464813,9,2,0
480917,1,2,0
489527,2,2,0
507889,5,1,0
515777,3,2,0
527355,2,2,0
53128,3,1,0
536461,2,1,0
556126,4,1,0
566977,1,3,0
573779,4,1,0
576675,1,3,0
578255,2,2,0
582099,3,0,0
58443,4,1,0
589261,2,5,0
6093724,4,3,0
6102186,5,0,0
6108450,1,2,0
6113770,3,2,0
6142995,6,1,0
6159523,3,3,0
6197014,3,2,1
6199475,1,2,0
6221046,3,2,0
623061,3,1,0
6233326,2,3,0
6236730,1,3,0
6239881,4,2,0
6245286,1,3,1
6251941,4,2,0
6260900,4,2,0
6292681,4,1,0
6303138,1,2,0
6311654,5,1,0
6324592,5,2,0
6329575,3,1,0
633424,5,1,0
6340463,5,1,0
6344831,4,3,0
6353252,3,3,0
6362443,1,2,0
6385260,10,1,0
6401771,4,2,0
640344,3,2,0
6405633,3,2,0
6408978,5,1,0
6414095,2,3,0
6416845,5,1,0
6422563,5,1,0
6427463,2,2,0
6430252,5,1,0
6440806,2,2,0
644545,2,3,0
6453500,1,2,0
6460590,4,1,0
647693,3,3,1
6478628,2,1,0
6484655,0,3,0
6498095,2,3,0
6507240,5,5,1
6510223,2,2,0
6519218,2,2,2
6529939,10,4,1
6540393,1,2,0
6572542,5,4,2
6578007,1,2,0
6597713,4,4,0
6608139,5,2,0
6610943,1,3,0
6614033,4,3,0
6618859,3,2,1
6625005,0,3,0
6628806,3,2,0
6635723,8,1,0
6651138,1,1,0
665845,4,1,0
6671350,6,5,0
667809,1,2,0
6683487,1,3,0
6692713,1,4,0
6693840,0,4,0
6697887,3,3,0
6702890,1,3,0
6721543,4,1,1
6725214,2,2,0
672731,4,1,0
6731466,7,3,0
6733633,1,2,0
6738830,2,2,0
6744146,5,1,0
6766717,4,1,0
6788011,8,4,0
6794018,1,3,0
6797753,5,1,1
6810714,2,1,0
681921,3,3,0
6826112,1,2,0
6830388,4,1,0
6833205,2,2,0
6837655,3,3,0
6851259,4,1,0
6854698,3,1,0
6860059,3,2,0
6865827,2,3,0
6873616,5,3,0
6928097,5,1,0
6933231,3,1,0
6947095,5,2,0
6958210,4,2,0
6987607,11,1,0
6998294,4,2,0
7019786,4,3,0
7035691,2,2,0
7056119,4,4,1
7067510,6,1,0
7071645,3,1,0
7081289,1,3,0
7098384,7,1,0
7105508,3,1,0
7117795,4,3,0
7127202,2,1,0
7139589,2,4,0
7151655,7,1,0
7174620,4,2,0
717931,5,2,0
71813,2,4,0
7212107,5,2,0
7226916,3,2,0
7235792,4,4,0
7249424,6,3,0
7258204,10,1,0
7272895,2,3,0
7282702,7,3,0
7295427,1,2,1
7304798,1,2,0
7321956,3,2,0
7351000,5,4,0
7355327,3,4,0
7362333,4,2,0
736591,2,3,0
7369302,1,3,0
7375145,7,1,0
7379406,5,2,0
7387219,1,3,0
7393795,7,4,0
7397053,2,2,0
7408538,6,2,0
7416268,1,3,0
7420580,2,2,2
7428724,3,2,0
7436161,2,3,0
7439122,1,3,0
7448830,4,2,0
7459812,4,2,1
7468565,1,3,0
7474364,6,3,1
748238,1,3,0
7485371,1,1,0
7495990,5,1,0
7519913,6,1,0
7526455,1,2,0
7538828,4,4,2
7545251,5,1,0
7549443,6,1,0
7577414,0,3,0
7582710,7,3,0
7594371,4,4,1
7606071,13,3,0
7619765,1,2,0
7632529,6,2,1
7639655,1,2,0
7647084,3,1,0
7655130,6,0,0
7661076,8,2,0
7663030,9,2,0
7668127,3,2,0
7673653,4,4,0
7679525,1,3,0
7685228,1,2,0
7696938,3,3,0
7712052,5,1,0
7718983,4,1,0
7724306,10,4,0
7730124,5,1,0
7748076,5,0,0
7752014,1,2,0
7756684,14,1,0
7761316,4,2,0
7776854,2,4,0
7779233,7,2,0
7781845,5,5,1
7783891,1,3,0
7787496,2,2,0
7789881,0,4,0
7797283,3,2,0
7814182,2,2,0
7831179,3,2,1
7835785,0,3,0
7854541,7,3,0
7865488,3,3,0
788666,5,3,0
7887138,4,2,0
7889679,3,1,0
7893301,2,3,0
7897759,3,2,0
7900744,4,6,2
7907218,3,1,0
7914463,3,1,0
7919557,9,3,0
7933665,9,1,0
7937287,6,4,0
7946029,1,3,0
7949255,3,3,3
7953234,2,1,0
7962394,0,4,0
7973922,3,4,0
7978578,3,2,0
7986915,1,2,1
7991279,5,2,0
7995508,9,2,0
8002140,1,1,0
8007037,2,2,0
8013261,2,3,0
8024670,4,1,0
8031432,4,1,0
8034807,4,1,0
8038468,9,1,0
8053440,4,5,0
8071504,6,2,0
8083821,4,3,0
8098286,4,3,0
8104147,6,2,1
812008,5,2,0
8120934,2,2,1
8124920,2,2,2
8145359,3,2,2
8149366,4,2,0
8151270,6,3,0
8157823,8,1,0
8162401,2,3,0
8164831,6,1,0
8175330,5,2,0
8181372,1,2,0
8186884,2,3,0
8192712,1,4,0
8197046,4,3,0
8207519,6,1,1
8222875,2,4,0
8239963,6,3,0
8244201,4,3,1
8250714,5,3,0
8253700,5,0,0
8255797,2,3,0
8260059,2,1,0
8266863,4,1,0
8276031,4,2,0
8292513,3,2,0
8301877,2,4,0
8308511,5,1,0
8313300,2,5,0
8316494,3,2,1
8329789,6,2,2
8340162,4,1,0
834512,3,2,0
8345435,0,3,0
8360712,3,3,0
8363533,2,4,0
8375752,3,1,0
8384030,6,2,0
8396491,4,2,0
8404753,5,5,0
8430717,5,1,0
8435665,2,3,0
8438851,3,4,0
8442800,8,2,0
8445549,1,3,0
8452107,1,3,0
8461228,4,2,0
8467620,0,3,1
847572,2,3,0
8485005,9,1,1
8496127,2,2,2
8503421,1,3,0
8520081,8,1,0
8523340,10,2,1
85289,3,2,1
8530331,3,2,0
8551001,3,5,1
8570441,9,2,0
8579054,4,3,0
8586895,10,4,1
8589490,1,2,0
8597009,3,4,0
8604715,5,4,0
8610807,0,1,0
8627446,0,5,0
8636829,3,1,0
8638872,6,2,0
8641617,4,6,0
8645078,5,4,0
8651254,5,5,0
8656412,10,1,0
8667442,5,2,0
8672829,5,3,0
8678015,6,3,0
8684546,9,1,0
868978,2,3,0
8691927,2,2,1
8696525,4,2,1
8700794,12,5,0
8710040,5,1,0
8726608,3,4,1
8730143,3,3,1
8733532,2,1,0
8739289,0,7,0
8742573,3,1,0
8749646,2,4,0
8763435,2,2,0
876914,1,2,0
8771575,7,5,0
8792511,7,2,0
879939,2,3,0
8816294,5,2,0
8825747,3,2,0
8828999,3,4,0
8832451,3,3,0
8835752,3,3,0
8840640,1,2,0
8844232,1,2,0
8850251,4,6,0
8862924,1,5,0
8864370,7,3,0
8880251,6,3,0
889156,6,1,0
8891729,3,5,0
8903300,7,3,0
8908396,3,1,0
8912599,0,5,0
8921647,3,4,0
8926752,6,2,0
8933322,9,2,0
8936932,4,3,0
8942269,2,2,0
8949576,5,3,0
8961730,2,2,0
8969033,1,3,0
897744,2,2,0
8979664,4,2,0
8996514,4,1,0
9007910,1,2,0
9013348,3,3,0
9017913,8,0,0
9022114,5,3,0
9037299,2,1,0
9039216,0,3,1
9042097,5,1,0
9052919,3,3,0
9058350,10,0,0
9094821,8,1,0
9100429,2,2,0
910864,3,1,0
9111724,5,2,0
9128433,3,1,0
9149614,4,3,0
9161656,8,3,0
9169264,4,4,0
9177620,0,3,1
9184269,2,6,0
91848,4,1,0
9191742,4,2,0
9195619,3,2,0
9205466,4,1,0
9211543,4,2,0
921427,2,2,0
9215418,1,4,1
9220046,1,3,0
9224230,4,1,0
9230324,5,1,0
9232614,3,3,0
9240497,4,2,0
9247841,1,4,0
9253492,3,4,0
9256906,1,4,0
9260733,4,2,0
9279731,7,1,0
9291634,10,1,0
9302445,0,3,0
9311175,1,2,0
9315405,3,1,0
9337441,10,3,0
9347384,6,3,0
9352164,13,5,1
9360190,1,2,0
9362107,7,3,1
9366852,0,4,0
937377,9,1,0
9375469,6,3,0
9399776,1,5,0
9403220,5,2,0
9407188,1,3,0
941054,2,2,0
9413296,2,2,0
9426968,0,0,0
9433539,1,3,0
9443627,4,4,0
946400,5,3,0
9466030,8,2,0
9476721,7,3,1
9491301,5,4,2
9494448,10,4,0
9497597,0,2,0
9509511,5,2,0
9512187,4,2,0
9517515,6,2,0
9527943,5,2,0
9533061,5,1,0
9545161,5,5,0
9550246,1,3,0
9554064,0,4,0
9562211,1,3,0
9579301,11,1,0
95811,3,2,0
9602881,6,1,1
961329,6,2,0
9619226,5,2,0
9627209,7,2,1
9634122,3,4,0
9642842,5,2,0
9647315,4,1,0
9651465,14,2,0
9655664,4,2,0
9660541,1,3,0
9671138,3,3,0
9674820,3,1,0
9681211,2,3,0
968449,4,2,0
9695308,1,4,0
9701106,8,6,0
9704170,1,3,0
9709726,3,1,0
9719245,12,4,1
9723127,0,0,0
9725786,6,1,0
9733234,5,1,0
9737132,5,3,0
9754850,6,5,1
9758325,5,1,0
9760614,7,2,0
9770151,8,1,0
9776099,7,1,0
9777751,4,2,0
9787325,6,1,0
9792602,3,3,0
9796135,2,4,2
9804082,3,2,0
9819544,2,3,0
9824032,1,3,0
9831311,4,6,1
9840249,6,3,0
9847899,2,1,0
984862,2,2,0
9855339,8,4,0
9861579,4,1,0
9865241,4,4,0
9870779,1,3,0
9876812,5,2,0
9883483,2,3,0
9886213,2,2,0
9892272,1,4,0
990658,0,2,0
9920368,1,4,0
9925865,10,6,0
9934637,3,4,0
9972383,8,1,0
998323,8,1,0
9988365,4,3,0
